loan_id,document_status,vault_location,custodian_note
LN-1001,COMPLETE,VAULT-B-2,"Original promissory note and deed in vault inventory"
LN-1002,COMPLETE,VAULT-C-3,"Original promissory note and deed in vault inventory"
LN-1003,COMPLETE,VAULT-D-4,"Original promissory note and deed in vault inventory"
LN-1004,COMPLETE,VAULT-E-5,"Original promissory note and deed in vault inventory"
LN-1005,COMPLETE,VAULT-F-6,"Original promissory note and deed in vault inventory"
LN-1006,COMPLETE,VAULT-A-7,"Original promissory note and deed in vault inventory"
LN-1007,COMPLETE,VAULT-B-8,"Original promissory note and deed in vault inventory"
LN-1008,COMPLETE,VAULT-C-9,"Original promissory note and deed in vault inventory"
LN-1009,COMPLETE,VAULT-D-10,"Original promissory note and deed in vault inventory"
LN-1010,COMPLETE,VAULT-E-11,"Original promissory note and deed in vault inventory"
LN-1011,COMPLETE,VAULT-F-12,"Original promissory note and deed in vault inventory"
LN-1012,COMPLETE,VAULT-A-13,"Original promissory note and deed in vault inventory"
LN-1013,COMPLETE,VAULT-B-14,"Original promissory note and deed in vault inventory"
LN-1014,COMPLETE,VAULT-C-15,"Original promissory note and deed in vault inventory"
LN-1015,COMPLETE,VAULT-D-16,"Original promissory note and deed in vault inventory"
LN-1016,COMPLETE,VAULT-E-17,"Original promissory note and deed in vault inventory"
LN-1017,COMPLETE,VAULT-F-18,"Original promissory note and deed in vault inventory"
LN-1018,COMPLETE,VAULT-A-19,"Original promissory note and deed in vault inventory"
LN-1019,COMPLETE,VAULT-B-20,"Original promissory note and deed in vault inventory"
LN-1020,COMPLETE,VAULT-C-21,"Original promissory note and deed in vault inventory"
LN-1021,COMPLETE,VAULT-D-22,"Original promissory note and deed in vault inventory"
LN-1022,COMPLETE,VAULT-E-23,"Original promissory note and deed in vault inventory"
LN-1023,COMPLETE,VAULT-F-24,"Original promissory note and deed in vault inventory"
LN-1024,COMPLETE,VAULT-A-25,"Original promissory note and deed in vault inventory"
LN-1025,COMPLETE,VAULT-B-26,"Original promissory note and deed in vault inventory"
LN-1026,COMPLETE,VAULT-C-27,"Original promissory note and deed in vault inventory"
LN-1027,COMPLETE,VAULT-D-28,"Original promissory note and deed in vault inventory"
LN-1028,COMPLETE,VAULT-E-29,"Original promissory note and deed in vault inventory"
LN-1029,COMPLETE,VAULT-F-30,"Original promissory note and deed in vault inventory"
LN-1030,COMPLETE,VAULT-A-31,"Original promissory note and deed in vault inventory"
LN-1031,COMPLETE,VAULT-B-32,"Original promissory note and deed in vault inventory"
LN-1032,COMPLETE,VAULT-C-33,"Original promissory note and deed in vault inventory"
LN-1033,COMPLETE,VAULT-D-34,"Original promissory note and deed in vault inventory"
LN-1034,COMPLETE,VAULT-E-35,"Original promissory note and deed in vault inventory"
LN-1035,COMPLETE,VAULT-F-36,"Original promissory note and deed in vault inventory"
LN-1036,COMPLETE,VAULT-A-37,"Original promissory note and deed in vault inventory"
LN-1037,COMPLETE,VAULT-B-38,"Original promissory note and deed in vault inventory"
LN-1038,COMPLETE,VAULT-C-39,"Original promissory note and deed in vault inventory"
LN-1039,COMPLETE,VAULT-D-40,"Original promissory note and deed in vault inventory"
LN-1040,COMPLETE,VAULT-E-41,"Original promissory note and deed in vault inventory"
LN-1041,COMPLETE,VAULT-F-42,"Original promissory note and deed in vault inventory"
LN-1042,COMPLETE,VAULT-A-43,"Original promissory note and deed in vault inventory"
LN-1043,COMPLETE,VAULT-B-44,"Original promissory note and deed in vault inventory"
LN-1044,COMPLETE,VAULT-C-45,"Original promissory note and deed in vault inventory"
LN-1045,COMPLETE,VAULT-D-46,"Original promissory note and deed in vault inventory"
LN-1046,COMPLETE,VAULT-E-47,"Original promissory note and deed in vault inventory"
LN-1047,COMPLETE,VAULT-F-48,"Original promissory note and deed in vault inventory"
LN-1048,COMPLETE,VAULT-A-49,"Original promissory note and deed in vault inventory"
LN-1049,COMPLETE,VAULT-B-50,"Original promissory note and deed in vault inventory"
LN-1050,COMPLETE,VAULT-C-1,"Original promissory note and deed in vault inventory"
LN-1051,COMPLETE,VAULT-D-2,"Original promissory note and deed in vault inventory"
LN-1052,COMPLETE,VAULT-E-3,"Original promissory note and deed in vault inventory"
LN-1053,COMPLETE,VAULT-F-4,"Original promissory note and deed in vault inventory"
LN-1054,COMPLETE,VAULT-A-5,"Original promissory note and deed in vault inventory"
LN-1055,COMPLETE,VAULT-B-6,"Original promissory note and deed in vault inventory"
LN-1056,COMPLETE,VAULT-C-7,"Original promissory note and deed in vault inventory"
LN-1057,COMPLETE,VAULT-D-8,"Original promissory note and deed in vault inventory"
LN-1058,COMPLETE,VAULT-E-9,"Original promissory note and deed in vault inventory"
LN-1059,COMPLETE,VAULT-F-10,"Original promissory note and deed in vault inventory"
LN-1060,COMPLETE,VAULT-A-11,"Original promissory note and deed in vault inventory"
LN-1061,COMPLETE,VAULT-B-12,"Original promissory note and deed in vault inventory"
LN-1062,COMPLETE,VAULT-C-13,"Original promissory note and deed in vault inventory"
LN-1063,COMPLETE,VAULT-D-14,"Original promissory note and deed in vault inventory"
LN-1064,COMPLETE,VAULT-E-15,"Original promissory note and deed in vault inventory"
LN-1065,COMPLETE,VAULT-F-16,"Original promissory note and deed in vault inventory"
LN-1066,COMPLETE,VAULT-A-17,"Original promissory note and deed in vault inventory"
LN-1067,COMPLETE,VAULT-B-18,"Original promissory note and deed in vault inventory"
LN-1068,COMPLETE,VAULT-C-19,"Original promissory note and deed in vault inventory"
LN-1069,COMPLETE,VAULT-D-20,"Original promissory note and deed in vault inventory"
LN-1070,COMPLETE,VAULT-E-21,"Original promissory note and deed in vault inventory"
LN-1071,COMPLETE,VAULT-F-22,"Original promissory note and deed in vault inventory"
LN-1072,COMPLETE,VAULT-A-23,"Original promissory note and deed in vault inventory"
LN-1073,COMPLETE,VAULT-B-24,"Original promissory note and deed in vault inventory"
LN-1074,COMPLETE,VAULT-C-25,"Original promissory note and deed in vault inventory"
LN-1075,COMPLETE,VAULT-D-26,"Original promissory note and deed in vault inventory"
LN-1076,COMPLETE,VAULT-E-27,"Original promissory note and deed in vault inventory"
LN-1077,COMPLETE,VAULT-F-28,"Original promissory note and deed in vault inventory"
LN-1078,COMPLETE,VAULT-A-29,"Original promissory note and deed in vault inventory"
LN-1079,COMPLETE,VAULT-B-30,"Original promissory note and deed in vault inventory"
LN-1080,COMPLETE,VAULT-C-31,"Original promissory note and deed in vault inventory"
LN-1081,COMPLETE,VAULT-D-32,"Original promissory note and deed in vault inventory"
LN-1082,COMPLETE,VAULT-E-33,"Original promissory note and deed in vault inventory"
LN-1083,COMPLETE,VAULT-F-34,"Original promissory note and deed in vault inventory"
LN-1084,COMPLETE,VAULT-A-35,"Original promissory note and deed in vault inventory"
LN-1085,COMPLETE,VAULT-B-36,"Original promissory note and deed in vault inventory"
LN-1086,COMPLETE,VAULT-C-37,"Original promissory note and deed in vault inventory"
LN-1087,COMPLETE,VAULT-D-38,"Original promissory note and deed in vault inventory"
LN-1088,COMPLETE,VAULT-E-39,"Original promissory note and deed in vault inventory"
LN-1089,COMPLETE,VAULT-F-40,"Original promissory note and deed in vault inventory"
LN-1090,COMPLETE,VAULT-A-41,"Original promissory note and deed in vault inventory"
LN-1091,COMPLETE,VAULT-B-42,"Original promissory note and deed in vault inventory"
LN-1092,COMPLETE,VAULT-C-43,"Original promissory note and deed in vault inventory"
LN-1093,COMPLETE,VAULT-D-44,"Original promissory note and deed in vault inventory"
LN-1094,COMPLETE,VAULT-E-45,"Original promissory note and deed in vault inventory"
LN-1095,COMPLETE,VAULT-F-46,"Original promissory note and deed in vault inventory"
LN-1096,COMPLETE,VAULT-A-47,"Original promissory note and deed in vault inventory"
LN-1097,COMPLETE,VAULT-B-48,"Original promissory note and deed in vault inventory"
LN-1098,COMPLETE,VAULT-C-49,"Original promissory note and deed in vault inventory"
LN-1099,COMPLETE,VAULT-D-50,"Original promissory note and deed in vault inventory"
LN-1100,MISSING_NOTE,VAULT-E-1,"Promissory note missing endorsement allonge"
LN-1101,COMPLETE,VAULT-F-2,"Original promissory note and deed in vault inventory"
LN-1102,COMPLETE,VAULT-A-3,"Original promissory note and deed in vault inventory"
LN-1103,COMPLETE,VAULT-B-4,"Original promissory note and deed in vault inventory"
LN-1104,COMPLETE,VAULT-C-5,"Original promissory note and deed in vault inventory"
LN-1105,COMPLETE,VAULT-D-6,"Original promissory note and deed in vault inventory"
LN-1106,COMPLETE,VAULT-E-7,"Original promissory note and deed in vault inventory"
LN-1107,COMPLETE,VAULT-F-8,"Original promissory note and deed in vault inventory"
LN-1108,COMPLETE,VAULT-A-9,"Original promissory note and deed in vault inventory"
LN-1109,COMPLETE,VAULT-B-10,"Original promissory note and deed in vault inventory"
LN-1110,COMPLETE,VAULT-C-11,"Original promissory note and deed in vault inventory"
LN-1111,COMPLETE,VAULT-D-12,"Original promissory note and deed in vault inventory"
LN-1112,COMPLETE,VAULT-E-13,"Original promissory note and deed in vault inventory"
LN-1113,COMPLETE,VAULT-F-14,"Original promissory note and deed in vault inventory"
LN-1114,COMPLETE,VAULT-A-15,"Original promissory note and deed in vault inventory"
LN-1115,COMPLETE,VAULT-B-16,"Original promissory note and deed in vault inventory"
LN-1116,COMPLETE,VAULT-C-17,"Original promissory note and deed in vault inventory"
LN-1117,COMPLETE,VAULT-D-18,"Original promissory note and deed in vault inventory"
LN-1118,COMPLETE,VAULT-E-19,"Original promissory note and deed in vault inventory"
LN-1119,COMPLETE,VAULT-F-20,"Original promissory note and deed in vault inventory"
LN-1120,MISSING_NOTE,VAULT-A-21,"Promissory note missing endorsement allonge"
LN-1121,COMPLETE,VAULT-B-22,"Original promissory note and deed in vault inventory"
LN-1122,COMPLETE,VAULT-C-23,"Original promissory note and deed in vault inventory"
LN-1123,COMPLETE,VAULT-D-24,"Original promissory note and deed in vault inventory"
LN-1124,COMPLETE,VAULT-E-25,"Original promissory note and deed in vault inventory"
LN-1125,COMPLETE,VAULT-F-26,"Original promissory note and deed in vault inventory"
LN-1126,COMPLETE,VAULT-A-27,"Original promissory note and deed in vault inventory"
LN-1127,COMPLETE,VAULT-B-28,"Original promissory note and deed in vault inventory"
LN-1128,COMPLETE,VAULT-C-29,"Original promissory note and deed in vault inventory"
LN-1129,COMPLETE,VAULT-D-30,"Original promissory note and deed in vault inventory"
LN-1130,COMPLETE,VAULT-E-31,"Original promissory note and deed in vault inventory"
LN-1131,COMPLETE,VAULT-F-32,"Original promissory note and deed in vault inventory"
LN-1132,COMPLETE,VAULT-A-33,"Original promissory note and deed in vault inventory"
LN-1133,COMPLETE,VAULT-B-34,"Original promissory note and deed in vault inventory"
LN-1134,COMPLETE,VAULT-C-35,"Original promissory note and deed in vault inventory"
LN-1135,COMPLETE,VAULT-D-36,"Original promissory note and deed in vault inventory"
LN-1136,COMPLETE,VAULT-E-37,"Original promissory note and deed in vault inventory"
LN-1137,COMPLETE,VAULT-F-38,"Original promissory note and deed in vault inventory"
LN-1138,COMPLETE,VAULT-A-39,"Original promissory note and deed in vault inventory"
LN-1139,COMPLETE,VAULT-B-40,"Original promissory note and deed in vault inventory"
LN-1140,COMPLETE,VAULT-C-41,"Original promissory note and deed in vault inventory"
LN-1141,COMPLETE,VAULT-D-42,"Original promissory note and deed in vault inventory"
LN-1142,COMPLETE,VAULT-E-43,"Original promissory note and deed in vault inventory"
LN-1143,COMPLETE,VAULT-F-44,"Original promissory note and deed in vault inventory"
LN-1144,COMPLETE,VAULT-A-45,"Original promissory note and deed in vault inventory"
LN-1145,COMPLETE,VAULT-B-46,"Original promissory note and deed in vault inventory"
LN-1146,COMPLETE,VAULT-C-47,"Original promissory note and deed in vault inventory"
LN-1147,COMPLETE,VAULT-D-48,"Original promissory note and deed in vault inventory"
LN-1148,COMPLETE,VAULT-E-49,"Original promissory note and deed in vault inventory"
LN-1149,COMPLETE,VAULT-F-50,"Original promissory note and deed in vault inventory"
LN-1150,COMPLETE,VAULT-A-1,"Original promissory note and deed in vault inventory"
LN-1151,COMPLETE,VAULT-B-2,"Original promissory note and deed in vault inventory"
LN-1152,COMPLETE,VAULT-C-3,"Original promissory note and deed in vault inventory"
LN-1153,COMPLETE,VAULT-D-4,"Original promissory note and deed in vault inventory"
LN-1154,COMPLETE,VAULT-E-5,"Original promissory note and deed in vault inventory"
LN-1155,COMPLETE,VAULT-F-6,"Original promissory note and deed in vault inventory"
LN-1156,COMPLETE,VAULT-A-7,"Original promissory note and deed in vault inventory"
LN-1157,COMPLETE,VAULT-B-8,"Original promissory note and deed in vault inventory"
LN-1158,COMPLETE,VAULT-C-9,"Original promissory note and deed in vault inventory"
LN-1159,COMPLETE,VAULT-D-10,"Original promissory note and deed in vault inventory"
LN-1160,COMPLETE,VAULT-E-11,"Original promissory note and deed in vault inventory"
LN-1161,COMPLETE,VAULT-F-12,"Original promissory note and deed in vault inventory"
LN-1162,COMPLETE,VAULT-A-13,"Original promissory note and deed in vault inventory"
LN-1163,COMPLETE,VAULT-B-14,"Original promissory note and deed in vault inventory"
LN-1164,COMPLETE,VAULT-C-15,"Original promissory note and deed in vault inventory"
LN-1165,COMPLETE,VAULT-D-16,"Original promissory note and deed in vault inventory"
LN-1166,COMPLETE,VAULT-E-17,"Original promissory note and deed in vault inventory"
LN-1167,COMPLETE,VAULT-F-18,"Original promissory note and deed in vault inventory"
LN-1168,COMPLETE,VAULT-A-19,"Original promissory note and deed in vault inventory"
LN-1169,COMPLETE,VAULT-B-20,"Original promissory note and deed in vault inventory"
LN-1170,COMPLETE,VAULT-C-21,"Original promissory note and deed in vault inventory"
LN-1171,COMPLETE,VAULT-D-22,"Original promissory note and deed in vault inventory"
LN-1172,COMPLETE,VAULT-E-23,"Original promissory note and deed in vault inventory"
LN-1173,COMPLETE,VAULT-F-24,"Original promissory note and deed in vault inventory"
LN-1174,COMPLETE,VAULT-A-25,"Original promissory note and deed in vault inventory"
LN-1175,COMPLETE,VAULT-B-26,"Original promissory note and deed in vault inventory"
LN-1176,COMPLETE,VAULT-C-27,"Original promissory note and deed in vault inventory"
LN-1177,COMPLETE,VAULT-D-28,"Original promissory note and deed in vault inventory"
LN-1178,COMPLETE,VAULT-E-29,"Original promissory note and deed in vault inventory"
LN-1179,COMPLETE,VAULT-F-30,"Original promissory note and deed in vault inventory"
LN-1180,COMPLETE,VAULT-A-31,"Original promissory note and deed in vault inventory"
LN-1181,COMPLETE,VAULT-B-32,"Original promissory note and deed in vault inventory"
LN-1182,COMPLETE,VAULT-C-33,"Original promissory note and deed in vault inventory"
LN-1183,COMPLETE,VAULT-D-34,"Original promissory note and deed in vault inventory"
LN-1184,COMPLETE,VAULT-E-35,"Original promissory note and deed in vault inventory"
LN-1185,COMPLETE,VAULT-F-36,"Original promissory note and deed in vault inventory"
LN-1186,COMPLETE,VAULT-A-37,"Original promissory note and deed in vault inventory"
LN-1187,COMPLETE,VAULT-B-38,"Original promissory note and deed in vault inventory"
LN-1188,COMPLETE,VAULT-C-39,"Original promissory note and deed in vault inventory"
LN-1189,COMPLETE,VAULT-D-40,"Original promissory note and deed in vault inventory"
LN-1190,COMPLETE,VAULT-E-41,"Original promissory note and deed in vault inventory"
LN-1191,COMPLETE,VAULT-F-42,"Original promissory note and deed in vault inventory"
LN-1192,COMPLETE,VAULT-A-43,"Original promissory note and deed in vault inventory"
LN-1193,COMPLETE,VAULT-B-44,"Original promissory note and deed in vault inventory"
LN-1194,COMPLETE,VAULT-C-45,"Original promissory note and deed in vault inventory"
LN-1195,COMPLETE,VAULT-D-46,"Original promissory note and deed in vault inventory"
LN-1196,COMPLETE,VAULT-E-47,"Original promissory note and deed in vault inventory"
LN-1197,COMPLETE,VAULT-F-48,"Original promissory note and deed in vault inventory"
LN-1198,COMPLETE,VAULT-A-49,"Original promissory note and deed in vault inventory"
LN-1199,COMPLETE,VAULT-B-50,"Original promissory note and deed in vault inventory"
LN-1200,COMPLETE,VAULT-C-1,"Original promissory note and deed in vault inventory"
LN-1201,COMPLETE,VAULT-D-2,"Original promissory note and deed in vault inventory"
LN-1202,COMPLETE,VAULT-E-3,"Original promissory note and deed in vault inventory"
LN-1203,COMPLETE,VAULT-F-4,"Original promissory note and deed in vault inventory"
LN-1204,COMPLETE,VAULT-A-5,"Original promissory note and deed in vault inventory"
LN-1205,COMPLETE,VAULT-B-6,"Original promissory note and deed in vault inventory"
LN-1206,COMPLETE,VAULT-C-7,"Original promissory note and deed in vault inventory"
LN-1207,COMPLETE,VAULT-D-8,"Original promissory note and deed in vault inventory"
LN-1208,COMPLETE,VAULT-E-9,"Original promissory note and deed in vault inventory"
LN-1209,COMPLETE,VAULT-F-10,"Original promissory note and deed in vault inventory"
LN-1210,COMPLETE,VAULT-A-11,"Original promissory note and deed in vault inventory"
LN-1211,COMPLETE,VAULT-B-12,"Original promissory note and deed in vault inventory"
LN-1212,COMPLETE,VAULT-C-13,"Original promissory note and deed in vault inventory"
LN-1213,COMPLETE,VAULT-D-14,"Original promissory note and deed in vault inventory"
LN-1214,COMPLETE,VAULT-E-15,"Original promissory note and deed in vault inventory"
LN-1215,COMPLETE,VAULT-F-16,"Original promissory note and deed in vault inventory"
LN-1216,COMPLETE,VAULT-A-17,"Original promissory note and deed in vault inventory"
LN-1217,COMPLETE,VAULT-B-18,"Original promissory note and deed in vault inventory"
LN-1218,COMPLETE,VAULT-C-19,"Original promissory note and deed in vault inventory"
LN-1219,COMPLETE,VAULT-D-20,"Original promissory note and deed in vault inventory"
LN-1220,COMPLETE,VAULT-E-21,"Original promissory note and deed in vault inventory"
LN-1221,COMPLETE,VAULT-F-22,"Original promissory note and deed in vault inventory"
LN-1222,COMPLETE,VAULT-A-23,"Original promissory note and deed in vault inventory"
LN-1223,COMPLETE,VAULT-B-24,"Original promissory note and deed in vault inventory"
LN-1224,COMPLETE,VAULT-C-25,"Original promissory note and deed in vault inventory"
LN-1225,COMPLETE,VAULT-D-26,"Original promissory note and deed in vault inventory"
LN-1226,COMPLETE,VAULT-E-27,"Original promissory note and deed in vault inventory"
LN-1227,COMPLETE,VAULT-F-28,"Original promissory note and deed in vault inventory"
LN-1228,COMPLETE,VAULT-A-29,"Original promissory note and deed in vault inventory"
LN-1229,COMPLETE,VAULT-B-30,"Original promissory note and deed in vault inventory"
LN-1230,COMPLETE,VAULT-C-31,"Original promissory note and deed in vault inventory"
LN-1231,COMPLETE,VAULT-D-32,"Original promissory note and deed in vault inventory"
LN-1232,COMPLETE,VAULT-E-33,"Original promissory note and deed in vault inventory"
LN-1233,COMPLETE,VAULT-F-34,"Original promissory note and deed in vault inventory"
LN-1234,COMPLETE,VAULT-A-35,"Original promissory note and deed in vault inventory"
LN-1235,COMPLETE,VAULT-B-36,"Original promissory note and deed in vault inventory"
LN-1236,COMPLETE,VAULT-C-37,"Original promissory note and deed in vault inventory"
LN-1237,COMPLETE,VAULT-D-38,"Original promissory note and deed in vault inventory"
LN-1238,COMPLETE,VAULT-E-39,"Original promissory note and deed in vault inventory"
LN-1239,COMPLETE,VAULT-F-40,"Original promissory note and deed in vault inventory"
LN-1240,MISSING_NOTE,VAULT-A-41,"Promissory note missing endorsement allonge"
LN-1241,COMPLETE,VAULT-B-42,"Original promissory note and deed in vault inventory"
LN-1242,COMPLETE,VAULT-C-43,"Original promissory note and deed in vault inventory"
LN-1243,COMPLETE,VAULT-D-44,"Original promissory note and deed in vault inventory"
LN-1244,COMPLETE,VAULT-E-45,"Original promissory note and deed in vault inventory"
LN-1245,COMPLETE,VAULT-F-46,"Original promissory note and deed in vault inventory"
LN-1246,COMPLETE,VAULT-A-47,"Original promissory note and deed in vault inventory"
LN-1247,COMPLETE,VAULT-B-48,"Original promissory note and deed in vault inventory"
LN-1248,COMPLETE,VAULT-C-49,"Original promissory note and deed in vault inventory"
LN-1249,COMPLETE,VAULT-D-50,"Original promissory note and deed in vault inventory"
LN-1250,COMPLETE,VAULT-E-1,"Original promissory note and deed in vault inventory"
LN-1251,COMPLETE,VAULT-F-2,"Original promissory note and deed in vault inventory"
LN-1252,COMPLETE,VAULT-A-3,"Original promissory note and deed in vault inventory"
LN-1253,COMPLETE,VAULT-B-4,"Original promissory note and deed in vault inventory"
LN-1254,COMPLETE,VAULT-C-5,"Original promissory note and deed in vault inventory"
LN-1255,COMPLETE,VAULT-D-6,"Original promissory note and deed in vault inventory"
LN-1256,COMPLETE,VAULT-E-7,"Original promissory note and deed in vault inventory"
LN-1257,COMPLETE,VAULT-F-8,"Original promissory note and deed in vault inventory"
LN-1258,COMPLETE,VAULT-A-9,"Original promissory note and deed in vault inventory"
LN-1259,COMPLETE,VAULT-B-10,"Original promissory note and deed in vault inventory"
LN-1260,COMPLETE,VAULT-C-11,"Original promissory note and deed in vault inventory"
LN-1261,COMPLETE,VAULT-D-12,"Original promissory note and deed in vault inventory"
LN-1262,COMPLETE,VAULT-E-13,"Original promissory note and deed in vault inventory"
LN-1263,COMPLETE,VAULT-F-14,"Original promissory note and deed in vault inventory"
LN-1264,COMPLETE,VAULT-A-15,"Original promissory note and deed in vault inventory"
LN-1265,COMPLETE,VAULT-B-16,"Original promissory note and deed in vault inventory"
LN-1266,COMPLETE,VAULT-C-17,"Original promissory note and deed in vault inventory"
LN-1267,COMPLETE,VAULT-D-18,"Original promissory note and deed in vault inventory"
LN-1268,COMPLETE,VAULT-E-19,"Original promissory note and deed in vault inventory"
LN-1269,COMPLETE,VAULT-F-20,"Original promissory note and deed in vault inventory"
LN-1270,COMPLETE,VAULT-A-21,"Original promissory note and deed in vault inventory"
LN-1271,COMPLETE,VAULT-B-22,"Original promissory note and deed in vault inventory"
LN-1272,COMPLETE,VAULT-C-23,"Original promissory note and deed in vault inventory"
LN-1273,COMPLETE,VAULT-D-24,"Original promissory note and deed in vault inventory"
LN-1274,COMPLETE,VAULT-E-25,"Original promissory note and deed in vault inventory"
LN-1275,COMPLETE,VAULT-F-26,"Original promissory note and deed in vault inventory"
LN-1276,COMPLETE,VAULT-A-27,"Original promissory note and deed in vault inventory"
LN-1277,COMPLETE,VAULT-B-28,"Original promissory note and deed in vault inventory"
LN-1278,COMPLETE,VAULT-C-29,"Original promissory note and deed in vault inventory"
LN-1279,COMPLETE,VAULT-D-30,"Original promissory note and deed in vault inventory"
LN-1280,COMPLETE,VAULT-E-31,"Original promissory note and deed in vault inventory"
LN-1281,COMPLETE,VAULT-F-32,"Original promissory note and deed in vault inventory"
LN-1282,COMPLETE,VAULT-A-33,"Original promissory note and deed in vault inventory"
LN-1283,COMPLETE,VAULT-B-34,"Original promissory note and deed in vault inventory"
LN-1284,COMPLETE,VAULT-C-35,"Original promissory note and deed in vault inventory"
LN-1285,COMPLETE,VAULT-D-36,"Original promissory note and deed in vault inventory"
LN-1286,COMPLETE,VAULT-E-37,"Original promissory note and deed in vault inventory"
LN-1287,COMPLETE,VAULT-F-38,"Original promissory note and deed in vault inventory"
LN-1288,COMPLETE,VAULT-A-39,"Original promissory note and deed in vault inventory"
LN-1289,COMPLETE,VAULT-B-40,"Original promissory note and deed in vault inventory"
LN-1290,COMPLETE,VAULT-C-41,"Original promissory note and deed in vault inventory"
LN-1291,COMPLETE,VAULT-D-42,"Original promissory note and deed in vault inventory"
LN-1292,COMPLETE,VAULT-E-43,"Original promissory note and deed in vault inventory"
LN-1293,COMPLETE,VAULT-F-44,"Original promissory note and deed in vault inventory"
LN-1294,COMPLETE,VAULT-A-45,"Original promissory note and deed in vault inventory"
LN-1295,COMPLETE,VAULT-B-46,"Original promissory note and deed in vault inventory"
LN-1296,COMPLETE,VAULT-C-47,"Original promissory note and deed in vault inventory"
LN-1297,COMPLETE,VAULT-D-48,"Original promissory note and deed in vault inventory"
LN-1298,COMPLETE,VAULT-E-49,"Original promissory note and deed in vault inventory"
LN-1299,COMPLETE,VAULT-F-50,"Original promissory note and deed in vault inventory"
LN-1300,COMPLETE,VAULT-A-1,"Original promissory note and deed in vault inventory"
LN-1301,COMPLETE,VAULT-B-2,"Original promissory note and deed in vault inventory"
LN-1302,COMPLETE,VAULT-C-3,"Original promissory note and deed in vault inventory"
LN-1303,COMPLETE,VAULT-D-4,"Original promissory note and deed in vault inventory"
LN-1304,COMPLETE,VAULT-E-5,"Original promissory note and deed in vault inventory"
LN-1305,COMPLETE,VAULT-F-6,"Original promissory note and deed in vault inventory"
LN-1306,COMPLETE,VAULT-A-7,"Original promissory note and deed in vault inventory"
LN-1307,COMPLETE,VAULT-B-8,"Original promissory note and deed in vault inventory"
LN-1308,COMPLETE,VAULT-C-9,"Original promissory note and deed in vault inventory"
LN-1309,COMPLETE,VAULT-D-10,"Original promissory note and deed in vault inventory"
LN-1310,COMPLETE,VAULT-E-11,"Original promissory note and deed in vault inventory"
LN-1311,COMPLETE,VAULT-F-12,"Original promissory note and deed in vault inventory"
LN-1312,COMPLETE,VAULT-A-13,"Original promissory note and deed in vault inventory"
LN-1313,COMPLETE,VAULT-B-14,"Original promissory note and deed in vault inventory"
LN-1314,COMPLETE,VAULT-C-15,"Original promissory note and deed in vault inventory"
LN-1315,COMPLETE,VAULT-D-16,"Original promissory note and deed in vault inventory"
LN-1316,COMPLETE,VAULT-E-17,"Original promissory note and deed in vault inventory"
LN-1317,COMPLETE,VAULT-F-18,"Original promissory note and deed in vault inventory"
LN-1318,COMPLETE,VAULT-A-19,"Original promissory note and deed in vault inventory"
LN-1319,COMPLETE,VAULT-B-20,"Original promissory note and deed in vault inventory"
LN-1320,COMPLETE,VAULT-C-21,"Original promissory note and deed in vault inventory"
LN-1321,COMPLETE,VAULT-D-22,"Original promissory note and deed in vault inventory"
LN-1322,COMPLETE,VAULT-E-23,"Original promissory note and deed in vault inventory"
LN-1323,COMPLETE,VAULT-F-24,"Original promissory note and deed in vault inventory"
LN-1324,COMPLETE,VAULT-A-25,"Original promissory note and deed in vault inventory"
LN-1325,COMPLETE,VAULT-B-26,"Original promissory note and deed in vault inventory"
LN-1326,COMPLETE,VAULT-C-27,"Original promissory note and deed in vault inventory"
LN-1327,COMPLETE,VAULT-D-28,"Original promissory note and deed in vault inventory"
LN-1328,COMPLETE,VAULT-E-29,"Original promissory note and deed in vault inventory"
LN-1329,COMPLETE,VAULT-F-30,"Original promissory note and deed in vault inventory"
LN-1330,COMPLETE,VAULT-A-31,"Original promissory note and deed in vault inventory"
LN-1331,COMPLETE,VAULT-B-32,"Original promissory note and deed in vault inventory"
LN-1332,COMPLETE,VAULT-C-33,"Original promissory note and deed in vault inventory"
LN-1333,COMPLETE,VAULT-D-34,"Original promissory note and deed in vault inventory"
LN-1334,COMPLETE,VAULT-E-35,"Original promissory note and deed in vault inventory"
LN-1335,COMPLETE,VAULT-F-36,"Original promissory note and deed in vault inventory"
LN-1336,COMPLETE,VAULT-A-37,"Original promissory note and deed in vault inventory"
LN-1337,COMPLETE,VAULT-B-38,"Original promissory note and deed in vault inventory"
LN-1338,COMPLETE,VAULT-C-39,"Original promissory note and deed in vault inventory"
LN-1339,COMPLETE,VAULT-D-40,"Original promissory note and deed in vault inventory"
LN-1340,COMPLETE,VAULT-E-41,"Original promissory note and deed in vault inventory"
LN-1341,COMPLETE,VAULT-F-42,"Original promissory note and deed in vault inventory"
LN-1342,COMPLETE,VAULT-A-43,"Original promissory note and deed in vault inventory"
LN-1343,COMPLETE,VAULT-B-44,"Original promissory note and deed in vault inventory"
LN-1344,COMPLETE,VAULT-C-45,"Original promissory note and deed in vault inventory"
LN-1345,COMPLETE,VAULT-D-46,"Original promissory note and deed in vault inventory"
LN-1346,COMPLETE,VAULT-E-47,"Original promissory note and deed in vault inventory"
LN-1347,COMPLETE,VAULT-F-48,"Original promissory note and deed in vault inventory"
LN-1348,COMPLETE,VAULT-A-49,"Original promissory note and deed in vault inventory"
LN-1349,COMPLETE,VAULT-B-50,"Original promissory note and deed in vault inventory"
LN-1350,COMPLETE,VAULT-C-1,"Original promissory note and deed in vault inventory"
LN-1351,COMPLETE,VAULT-D-2,"Original promissory note and deed in vault inventory"
LN-1352,COMPLETE,VAULT-E-3,"Original promissory note and deed in vault inventory"
LN-1353,COMPLETE,VAULT-F-4,"Original promissory note and deed in vault inventory"
LN-1354,COMPLETE,VAULT-A-5,"Original promissory note and deed in vault inventory"
LN-1355,COMPLETE,VAULT-B-6,"Original promissory note and deed in vault inventory"
LN-1356,COMPLETE,VAULT-C-7,"Original promissory note and deed in vault inventory"
LN-1357,COMPLETE,VAULT-D-8,"Original promissory note and deed in vault inventory"
LN-1358,COMPLETE,VAULT-E-9,"Original promissory note and deed in vault inventory"
LN-1359,COMPLETE,VAULT-F-10,"Original promissory note and deed in vault inventory"
LN-1360,MISSING_NOTE,VAULT-A-11,"Promissory note missing endorsement allonge"
LN-1361,COMPLETE,VAULT-B-12,"Original promissory note and deed in vault inventory"
LN-1362,COMPLETE,VAULT-C-13,"Original promissory note and deed in vault inventory"
LN-1363,COMPLETE,VAULT-D-14,"Original promissory note and deed in vault inventory"
LN-1364,COMPLETE,VAULT-E-15,"Original promissory note and deed in vault inventory"
LN-1365,COMPLETE,VAULT-F-16,"Original promissory note and deed in vault inventory"
LN-1366,COMPLETE,VAULT-A-17,"Original promissory note and deed in vault inventory"
LN-1367,COMPLETE,VAULT-B-18,"Original promissory note and deed in vault inventory"
LN-1368,COMPLETE,VAULT-C-19,"Original promissory note and deed in vault inventory"
LN-1369,COMPLETE,VAULT-D-20,"Original promissory note and deed in vault inventory"
LN-1370,COMPLETE,VAULT-E-21,"Original promissory note and deed in vault inventory"
LN-1371,COMPLETE,VAULT-F-22,"Original promissory note and deed in vault inventory"
LN-1372,COMPLETE,VAULT-A-23,"Original promissory note and deed in vault inventory"
LN-1373,COMPLETE,VAULT-B-24,"Original promissory note and deed in vault inventory"
LN-1374,COMPLETE,VAULT-C-25,"Original promissory note and deed in vault inventory"
LN-1375,COMPLETE,VAULT-D-26,"Original promissory note and deed in vault inventory"
LN-1376,COMPLETE,VAULT-E-27,"Original promissory note and deed in vault inventory"
LN-1377,COMPLETE,VAULT-F-28,"Original promissory note and deed in vault inventory"
LN-1378,COMPLETE,VAULT-A-29,"Original promissory note and deed in vault inventory"
LN-1379,COMPLETE,VAULT-B-30,"Original promissory note and deed in vault inventory"
LN-1380,COMPLETE,VAULT-C-31,"Original promissory note and deed in vault inventory"
LN-1381,COMPLETE,VAULT-D-32,"Original promissory note and deed in vault inventory"
LN-1382,COMPLETE,VAULT-E-33,"Original promissory note and deed in vault inventory"
LN-1383,COMPLETE,VAULT-F-34,"Original promissory note and deed in vault inventory"
LN-1384,COMPLETE,VAULT-A-35,"Original promissory note and deed in vault inventory"
LN-1385,COMPLETE,VAULT-B-36,"Original promissory note and deed in vault inventory"
LN-1386,COMPLETE,VAULT-C-37,"Original promissory note and deed in vault inventory"
LN-1387,COMPLETE,VAULT-D-38,"Original promissory note and deed in vault inventory"
LN-1388,COMPLETE,VAULT-E-39,"Original promissory note and deed in vault inventory"
LN-1389,COMPLETE,VAULT-F-40,"Original promissory note and deed in vault inventory"
LN-1390,COMPLETE,VAULT-A-41,"Original promissory note and deed in vault inventory"
LN-1391,COMPLETE,VAULT-B-42,"Original promissory note and deed in vault inventory"
LN-1392,COMPLETE,VAULT-C-43,"Original promissory note and deed in vault inventory"
LN-1393,COMPLETE,VAULT-D-44,"Original promissory note and deed in vault inventory"
LN-1394,COMPLETE,VAULT-E-45,"Original promissory note and deed in vault inventory"
LN-1395,COMPLETE,VAULT-F-46,"Original promissory note and deed in vault inventory"
LN-1396,COMPLETE,VAULT-A-47,"Original promissory note and deed in vault inventory"
LN-1397,COMPLETE,VAULT-B-48,"Original promissory note and deed in vault inventory"
LN-1398,COMPLETE,VAULT-C-49,"Original promissory note and deed in vault inventory"
LN-1399,COMPLETE,VAULT-D-50,"Original promissory note and deed in vault inventory"
LN-1400,COMPLETE,VAULT-E-1,"Original promissory note and deed in vault inventory"
LN-1401,COMPLETE,VAULT-F-2,"Original promissory note and deed in vault inventory"
LN-1402,COMPLETE,VAULT-A-3,"Original promissory note and deed in vault inventory"
LN-1403,COMPLETE,VAULT-B-4,"Original promissory note and deed in vault inventory"
LN-1404,COMPLETE,VAULT-C-5,"Original promissory note and deed in vault inventory"
LN-1405,COMPLETE,VAULT-D-6,"Original promissory note and deed in vault inventory"
LN-1406,COMPLETE,VAULT-E-7,"Original promissory note and deed in vault inventory"
LN-1407,COMPLETE,VAULT-F-8,"Original promissory note and deed in vault inventory"
LN-1408,COMPLETE,VAULT-A-9,"Original promissory note and deed in vault inventory"
LN-1409,COMPLETE,VAULT-B-10,"Original promissory note and deed in vault inventory"
LN-1410,COMPLETE,VAULT-C-11,"Original promissory note and deed in vault inventory"
LN-1411,COMPLETE,VAULT-D-12,"Original promissory note and deed in vault inventory"
LN-1412,COMPLETE,VAULT-E-13,"Original promissory note and deed in vault inventory"
LN-1413,COMPLETE,VAULT-F-14,"Original promissory note and deed in vault inventory"
LN-1414,COMPLETE,VAULT-A-15,"Original promissory note and deed in vault inventory"
LN-1415,COMPLETE,VAULT-B-16,"Original promissory note and deed in vault inventory"
LN-1416,COMPLETE,VAULT-C-17,"Original promissory note and deed in vault inventory"
LN-1417,COMPLETE,VAULT-D-18,"Original promissory note and deed in vault inventory"
LN-1418,COMPLETE,VAULT-E-19,"Original promissory note and deed in vault inventory"
LN-1419,COMPLETE,VAULT-F-20,"Original promissory note and deed in vault inventory"
LN-1420,COMPLETE,VAULT-A-21,"Original promissory note and deed in vault inventory"
LN-1421,COMPLETE,VAULT-B-22,"Original promissory note and deed in vault inventory"
LN-1422,COMPLETE,VAULT-C-23,"Original promissory note and deed in vault inventory"
LN-1423,COMPLETE,VAULT-D-24,"Original promissory note and deed in vault inventory"
LN-1424,COMPLETE,VAULT-E-25,"Original promissory note and deed in vault inventory"
LN-1425,COMPLETE,VAULT-F-26,"Original promissory note and deed in vault inventory"
LN-1426,COMPLETE,VAULT-A-27,"Original promissory note and deed in vault inventory"
LN-1427,COMPLETE,VAULT-B-28,"Original promissory note and deed in vault inventory"
LN-1428,COMPLETE,VAULT-C-29,"Original promissory note and deed in vault inventory"
LN-1429,COMPLETE,VAULT-D-30,"Original promissory note and deed in vault inventory"
LN-1430,COMPLETE,VAULT-E-31,"Original promissory note and deed in vault inventory"
LN-1431,COMPLETE,VAULT-F-32,"Original promissory note and deed in vault inventory"
LN-1432,COMPLETE,VAULT-A-33,"Original promissory note and deed in vault inventory"
LN-1433,COMPLETE,VAULT-B-34,"Original promissory note and deed in vault inventory"
LN-1434,COMPLETE,VAULT-C-35,"Original promissory note and deed in vault inventory"
LN-1435,COMPLETE,VAULT-D-36,"Original promissory note and deed in vault inventory"
LN-1436,COMPLETE,VAULT-E-37,"Original promissory note and deed in vault inventory"
LN-1437,COMPLETE,VAULT-F-38,"Original promissory note and deed in vault inventory"
LN-1438,COMPLETE,VAULT-A-39,"Original promissory note and deed in vault inventory"
LN-1439,COMPLETE,VAULT-B-40,"Original promissory note and deed in vault inventory"
LN-1440,COMPLETE,VAULT-C-41,"Original promissory note and deed in vault inventory"
LN-1441,COMPLETE,VAULT-D-42,"Original promissory note and deed in vault inventory"
LN-1442,COMPLETE,VAULT-E-43,"Original promissory note and deed in vault inventory"
LN-1443,COMPLETE,VAULT-F-44,"Original promissory note and deed in vault inventory"
LN-1444,COMPLETE,VAULT-A-45,"Original promissory note and deed in vault inventory"
LN-1445,COMPLETE,VAULT-B-46,"Original promissory note and deed in vault inventory"
LN-1446,COMPLETE,VAULT-C-47,"Original promissory note and deed in vault inventory"
LN-1447,COMPLETE,VAULT-D-48,"Original promissory note and deed in vault inventory"
LN-1448,COMPLETE,VAULT-E-49,"Original promissory note and deed in vault inventory"
LN-1449,COMPLETE,VAULT-F-50,"Original promissory note and deed in vault inventory"
LN-1450,COMPLETE,VAULT-A-1,"Original promissory note and deed in vault inventory"
LN-1451,COMPLETE,VAULT-B-2,"Original promissory note and deed in vault inventory"
LN-1452,COMPLETE,VAULT-C-3,"Original promissory note and deed in vault inventory"
LN-1453,COMPLETE,VAULT-D-4,"Original promissory note and deed in vault inventory"
LN-1454,COMPLETE,VAULT-E-5,"Original promissory note and deed in vault inventory"
LN-1455,COMPLETE,VAULT-F-6,"Original promissory note and deed in vault inventory"
LN-1456,COMPLETE,VAULT-A-7,"Original promissory note and deed in vault inventory"
LN-1457,COMPLETE,VAULT-B-8,"Original promissory note and deed in vault inventory"
LN-1458,COMPLETE,VAULT-C-9,"Original promissory note and deed in vault inventory"
LN-1459,COMPLETE,VAULT-D-10,"Original promissory note and deed in vault inventory"
LN-1460,COMPLETE,VAULT-E-11,"Original promissory note and deed in vault inventory"
LN-1461,COMPLETE,VAULT-F-12,"Original promissory note and deed in vault inventory"
LN-1462,COMPLETE,VAULT-A-13,"Original promissory note and deed in vault inventory"
LN-1463,COMPLETE,VAULT-B-14,"Original promissory note and deed in vault inventory"
LN-1464,COMPLETE,VAULT-C-15,"Original promissory note and deed in vault inventory"
LN-1465,COMPLETE,VAULT-D-16,"Original promissory note and deed in vault inventory"
LN-1466,COMPLETE,VAULT-E-17,"Original promissory note and deed in vault inventory"
LN-1467,COMPLETE,VAULT-F-18,"Original promissory note and deed in vault inventory"
LN-1468,COMPLETE,VAULT-A-19,"Original promissory note and deed in vault inventory"
LN-1469,COMPLETE,VAULT-B-20,"Original promissory note and deed in vault inventory"
LN-1470,COMPLETE,VAULT-C-21,"Original promissory note and deed in vault inventory"
LN-1471,COMPLETE,VAULT-D-22,"Original promissory note and deed in vault inventory"
LN-1472,COMPLETE,VAULT-E-23,"Original promissory note and deed in vault inventory"
LN-1473,COMPLETE,VAULT-F-24,"Original promissory note and deed in vault inventory"
LN-1474,COMPLETE,VAULT-A-25,"Original promissory note and deed in vault inventory"
LN-1475,COMPLETE,VAULT-B-26,"Original promissory note and deed in vault inventory"
LN-1476,COMPLETE,VAULT-C-27,"Original promissory note and deed in vault inventory"
LN-1477,COMPLETE,VAULT-D-28,"Original promissory note and deed in vault inventory"
LN-1478,COMPLETE,VAULT-E-29,"Original promissory note and deed in vault inventory"
LN-1479,COMPLETE,VAULT-F-30,"Original promissory note and deed in vault inventory"
LN-1480,MISSING_NOTE,VAULT-A-31,"Promissory note missing endorsement allonge"
LN-1481,COMPLETE,VAULT-B-32,"Original promissory note and deed in vault inventory"
LN-1482,COMPLETE,VAULT-C-33,"Original promissory note and deed in vault inventory"
LN-1483,COMPLETE,VAULT-D-34,"Original promissory note and deed in vault inventory"
LN-1484,COMPLETE,VAULT-E-35,"Original promissory note and deed in vault inventory"
LN-1485,COMPLETE,VAULT-F-36,"Original promissory note and deed in vault inventory"
LN-1486,COMPLETE,VAULT-A-37,"Original promissory note and deed in vault inventory"
LN-1487,COMPLETE,VAULT-B-38,"Original promissory note and deed in vault inventory"
LN-1488,COMPLETE,VAULT-C-39,"Original promissory note and deed in vault inventory"
LN-1489,COMPLETE,VAULT-D-40,"Original promissory note and deed in vault inventory"
LN-1490,COMPLETE,VAULT-E-41,"Original promissory note and deed in vault inventory"
LN-1491,COMPLETE,VAULT-F-42,"Original promissory note and deed in vault inventory"
LN-1492,COMPLETE,VAULT-A-43,"Original promissory note and deed in vault inventory"
LN-1493,COMPLETE,VAULT-B-44,"Original promissory note and deed in vault inventory"
LN-1494,COMPLETE,VAULT-C-45,"Original promissory note and deed in vault inventory"
LN-1495,COMPLETE,VAULT-D-46,"Original promissory note and deed in vault inventory"
LN-1496,COMPLETE,VAULT-E-47,"Original promissory note and deed in vault inventory"
LN-1497,COMPLETE,VAULT-F-48,"Original promissory note and deed in vault inventory"
LN-1498,COMPLETE,VAULT-A-49,"Original promissory note and deed in vault inventory"
LN-1499,COMPLETE,VAULT-B-50,"Original promissory note and deed in vault inventory"
LN-1500,COMPLETE,VAULT-C-1,"Original promissory note and deed in vault inventory"
LN-1501,COMPLETE,VAULT-D-2,"Original promissory note and deed in vault inventory"
LN-1502,COMPLETE,VAULT-E-3,"Original promissory note and deed in vault inventory"
LN-1503,COMPLETE,VAULT-F-4,"Original promissory note and deed in vault inventory"
LN-1504,COMPLETE,VAULT-A-5,"Original promissory note and deed in vault inventory"
LN-1505,COMPLETE,VAULT-B-6,"Original promissory note and deed in vault inventory"
LN-1506,COMPLETE,VAULT-C-7,"Original promissory note and deed in vault inventory"
LN-1507,COMPLETE,VAULT-D-8,"Original promissory note and deed in vault inventory"
LN-1508,COMPLETE,VAULT-E-9,"Original promissory note and deed in vault inventory"
LN-1509,COMPLETE,VAULT-F-10,"Original promissory note and deed in vault inventory"
LN-1510,COMPLETE,VAULT-A-11,"Original promissory note and deed in vault inventory"
LN-1511,COMPLETE,VAULT-B-12,"Original promissory note and deed in vault inventory"
LN-1512,COMPLETE,VAULT-C-13,"Original promissory note and deed in vault inventory"
LN-1513,COMPLETE,VAULT-D-14,"Original promissory note and deed in vault inventory"
LN-1514,COMPLETE,VAULT-E-15,"Original promissory note and deed in vault inventory"
LN-1515,COMPLETE,VAULT-F-16,"Original promissory note and deed in vault inventory"
LN-1516,COMPLETE,VAULT-A-17,"Original promissory note and deed in vault inventory"
LN-1517,COMPLETE,VAULT-B-18,"Original promissory note and deed in vault inventory"
LN-1518,COMPLETE,VAULT-C-19,"Original promissory note and deed in vault inventory"
LN-1519,COMPLETE,VAULT-D-20,"Original promissory note and deed in vault inventory"
LN-1520,COMPLETE,VAULT-E-21,"Original promissory note and deed in vault inventory"
LN-1521,COMPLETE,VAULT-F-22,"Original promissory note and deed in vault inventory"
LN-1522,COMPLETE,VAULT-A-23,"Original promissory note and deed in vault inventory"
LN-1523,COMPLETE,VAULT-B-24,"Original promissory note and deed in vault inventory"
LN-1524,COMPLETE,VAULT-C-25,"Original promissory note and deed in vault inventory"
LN-1525,COMPLETE,VAULT-D-26,"Original promissory note and deed in vault inventory"
LN-1526,COMPLETE,VAULT-E-27,"Original promissory note and deed in vault inventory"
LN-1527,COMPLETE,VAULT-F-28,"Original promissory note and deed in vault inventory"
LN-1528,COMPLETE,VAULT-A-29,"Original promissory note and deed in vault inventory"
LN-1529,COMPLETE,VAULT-B-30,"Original promissory note and deed in vault inventory"
LN-1530,COMPLETE,VAULT-C-31,"Original promissory note and deed in vault inventory"
LN-1531,COMPLETE,VAULT-D-32,"Original promissory note and deed in vault inventory"
LN-1532,COMPLETE,VAULT-E-33,"Original promissory note and deed in vault inventory"
LN-1533,COMPLETE,VAULT-F-34,"Original promissory note and deed in vault inventory"
LN-1534,COMPLETE,VAULT-A-35,"Original promissory note and deed in vault inventory"
LN-1535,COMPLETE,VAULT-B-36,"Original promissory note and deed in vault inventory"
LN-1536,COMPLETE,VAULT-C-37,"Original promissory note and deed in vault inventory"
LN-1537,COMPLETE,VAULT-D-38,"Original promissory note and deed in vault inventory"
LN-1538,COMPLETE,VAULT-E-39,"Original promissory note and deed in vault inventory"
LN-1539,COMPLETE,VAULT-F-40,"Original promissory note and deed in vault inventory"
LN-1540,COMPLETE,VAULT-A-41,"Original promissory note and deed in vault inventory"
LN-1541,COMPLETE,VAULT-B-42,"Original promissory note and deed in vault inventory"
LN-1542,COMPLETE,VAULT-C-43,"Original promissory note and deed in vault inventory"
LN-1543,COMPLETE,VAULT-D-44,"Original promissory note and deed in vault inventory"
LN-1544,COMPLETE,VAULT-E-45,"Original promissory note and deed in vault inventory"
LN-1545,COMPLETE,VAULT-F-46,"Original promissory note and deed in vault inventory"
LN-1546,COMPLETE,VAULT-A-47,"Original promissory note and deed in vault inventory"
LN-1547,COMPLETE,VAULT-B-48,"Original promissory note and deed in vault inventory"
LN-1548,COMPLETE,VAULT-C-49,"Original promissory note and deed in vault inventory"
LN-1549,COMPLETE,VAULT-D-50,"Original promissory note and deed in vault inventory"
LN-1550,COMPLETE,VAULT-E-1,"Original promissory note and deed in vault inventory"
LN-1551,COMPLETE,VAULT-F-2,"Original promissory note and deed in vault inventory"
LN-1552,COMPLETE,VAULT-A-3,"Original promissory note and deed in vault inventory"
LN-1553,COMPLETE,VAULT-B-4,"Original promissory note and deed in vault inventory"
LN-1554,COMPLETE,VAULT-C-5,"Original promissory note and deed in vault inventory"
LN-1555,COMPLETE,VAULT-D-6,"Original promissory note and deed in vault inventory"
LN-1556,COMPLETE,VAULT-E-7,"Original promissory note and deed in vault inventory"
LN-1557,COMPLETE,VAULT-F-8,"Original promissory note and deed in vault inventory"
LN-1558,COMPLETE,VAULT-A-9,"Original promissory note and deed in vault inventory"
LN-1559,COMPLETE,VAULT-B-10,"Original promissory note and deed in vault inventory"
LN-1560,COMPLETE,VAULT-C-11,"Original promissory note and deed in vault inventory"
LN-1561,COMPLETE,VAULT-D-12,"Original promissory note and deed in vault inventory"
LN-1562,COMPLETE,VAULT-E-13,"Original promissory note and deed in vault inventory"
LN-1563,COMPLETE,VAULT-F-14,"Original promissory note and deed in vault inventory"
LN-1564,COMPLETE,VAULT-A-15,"Original promissory note and deed in vault inventory"
LN-1565,COMPLETE,VAULT-B-16,"Original promissory note and deed in vault inventory"
LN-1566,COMPLETE,VAULT-C-17,"Original promissory note and deed in vault inventory"
LN-1567,COMPLETE,VAULT-D-18,"Original promissory note and deed in vault inventory"
LN-1568,COMPLETE,VAULT-E-19,"Original promissory note and deed in vault inventory"
LN-1569,COMPLETE,VAULT-F-20,"Original promissory note and deed in vault inventory"
LN-1570,COMPLETE,VAULT-A-21,"Original promissory note and deed in vault inventory"
LN-1571,COMPLETE,VAULT-B-22,"Original promissory note and deed in vault inventory"
LN-1572,COMPLETE,VAULT-C-23,"Original promissory note and deed in vault inventory"
LN-1573,COMPLETE,VAULT-D-24,"Original promissory note and deed in vault inventory"
LN-1574,COMPLETE,VAULT-E-25,"Original promissory note and deed in vault inventory"
LN-1575,COMPLETE,VAULT-F-26,"Original promissory note and deed in vault inventory"
LN-1576,COMPLETE,VAULT-A-27,"Original promissory note and deed in vault inventory"
LN-1577,COMPLETE,VAULT-B-28,"Original promissory note and deed in vault inventory"
LN-1578,COMPLETE,VAULT-C-29,"Original promissory note and deed in vault inventory"
LN-1579,COMPLETE,VAULT-D-30,"Original promissory note and deed in vault inventory"
LN-1580,COMPLETE,VAULT-E-31,"Original promissory note and deed in vault inventory"
LN-1581,COMPLETE,VAULT-F-32,"Original promissory note and deed in vault inventory"
LN-1582,COMPLETE,VAULT-A-33,"Original promissory note and deed in vault inventory"
LN-1583,COMPLETE,VAULT-B-34,"Original promissory note and deed in vault inventory"
LN-1584,COMPLETE,VAULT-C-35,"Original promissory note and deed in vault inventory"
LN-1585,COMPLETE,VAULT-D-36,"Original promissory note and deed in vault inventory"
LN-1586,COMPLETE,VAULT-E-37,"Original promissory note and deed in vault inventory"
LN-1587,COMPLETE,VAULT-F-38,"Original promissory note and deed in vault inventory"
LN-1588,COMPLETE,VAULT-A-39,"Original promissory note and deed in vault inventory"
LN-1589,COMPLETE,VAULT-B-40,"Original promissory note and deed in vault inventory"
LN-1590,COMPLETE,VAULT-C-41,"Original promissory note and deed in vault inventory"
LN-1591,COMPLETE,VAULT-D-42,"Original promissory note and deed in vault inventory"
LN-1592,COMPLETE,VAULT-E-43,"Original promissory note and deed in vault inventory"
LN-1593,COMPLETE,VAULT-F-44,"Original promissory note and deed in vault inventory"
LN-1594,COMPLETE,VAULT-A-45,"Original promissory note and deed in vault inventory"
LN-1595,COMPLETE,VAULT-B-46,"Original promissory note and deed in vault inventory"
LN-1596,COMPLETE,VAULT-C-47,"Original promissory note and deed in vault inventory"
LN-1597,COMPLETE,VAULT-D-48,"Original promissory note and deed in vault inventory"
LN-1598,COMPLETE,VAULT-E-49,"Original promissory note and deed in vault inventory"
LN-1599,COMPLETE,VAULT-F-50,"Original promissory note and deed in vault inventory"
LN-1600,MISSING_NOTE,VAULT-A-1,"Promissory note missing endorsement allonge"
LN-1601,COMPLETE,VAULT-B-2,"Original promissory note and deed in vault inventory"
LN-1602,COMPLETE,VAULT-C-3,"Original promissory note and deed in vault inventory"
LN-1603,COMPLETE,VAULT-D-4,"Original promissory note and deed in vault inventory"
LN-1604,COMPLETE,VAULT-E-5,"Original promissory note and deed in vault inventory"
LN-1605,COMPLETE,VAULT-F-6,"Original promissory note and deed in vault inventory"
LN-1606,COMPLETE,VAULT-A-7,"Original promissory note and deed in vault inventory"
LN-1607,COMPLETE,VAULT-B-8,"Original promissory note and deed in vault inventory"
LN-1608,COMPLETE,VAULT-C-9,"Original promissory note and deed in vault inventory"
LN-1609,COMPLETE,VAULT-D-10,"Original promissory note and deed in vault inventory"
LN-1610,COMPLETE,VAULT-E-11,"Original promissory note and deed in vault inventory"
LN-1611,COMPLETE,VAULT-F-12,"Original promissory note and deed in vault inventory"
LN-1612,COMPLETE,VAULT-A-13,"Original promissory note and deed in vault inventory"
LN-1613,COMPLETE,VAULT-B-14,"Original promissory note and deed in vault inventory"
LN-1614,COMPLETE,VAULT-C-15,"Original promissory note and deed in vault inventory"
LN-1615,COMPLETE,VAULT-D-16,"Original promissory note and deed in vault inventory"
LN-1616,COMPLETE,VAULT-E-17,"Original promissory note and deed in vault inventory"
LN-1617,COMPLETE,VAULT-F-18,"Original promissory note and deed in vault inventory"
LN-1618,COMPLETE,VAULT-A-19,"Original promissory note and deed in vault inventory"
LN-1619,COMPLETE,VAULT-B-20,"Original promissory note and deed in vault inventory"
LN-1620,COMPLETE,VAULT-C-21,"Original promissory note and deed in vault inventory"
LN-1621,COMPLETE,VAULT-D-22,"Original promissory note and deed in vault inventory"
LN-1622,COMPLETE,VAULT-E-23,"Original promissory note and deed in vault inventory"
LN-1623,COMPLETE,VAULT-F-24,"Original promissory note and deed in vault inventory"
LN-1624,COMPLETE,VAULT-A-25,"Original promissory note and deed in vault inventory"
LN-1625,COMPLETE,VAULT-B-26,"Original promissory note and deed in vault inventory"
LN-1626,COMPLETE,VAULT-C-27,"Original promissory note and deed in vault inventory"
LN-1627,COMPLETE,VAULT-D-28,"Original promissory note and deed in vault inventory"
LN-1628,COMPLETE,VAULT-E-29,"Original promissory note and deed in vault inventory"
LN-1629,COMPLETE,VAULT-F-30,"Original promissory note and deed in vault inventory"
LN-1630,COMPLETE,VAULT-A-31,"Original promissory note and deed in vault inventory"
LN-1631,COMPLETE,VAULT-B-32,"Original promissory note and deed in vault inventory"
LN-1632,COMPLETE,VAULT-C-33,"Original promissory note and deed in vault inventory"
LN-1633,COMPLETE,VAULT-D-34,"Original promissory note and deed in vault inventory"
LN-1634,COMPLETE,VAULT-E-35,"Original promissory note and deed in vault inventory"
LN-1635,COMPLETE,VAULT-F-36,"Original promissory note and deed in vault inventory"
LN-1636,COMPLETE,VAULT-A-37,"Original promissory note and deed in vault inventory"
LN-1637,COMPLETE,VAULT-B-38,"Original promissory note and deed in vault inventory"
LN-1638,COMPLETE,VAULT-C-39,"Original promissory note and deed in vault inventory"
LN-1639,COMPLETE,VAULT-D-40,"Original promissory note and deed in vault inventory"
LN-1640,COMPLETE,VAULT-E-41,"Original promissory note and deed in vault inventory"
LN-1641,COMPLETE,VAULT-F-42,"Original promissory note and deed in vault inventory"
LN-1642,COMPLETE,VAULT-A-43,"Original promissory note and deed in vault inventory"
LN-1643,COMPLETE,VAULT-B-44,"Original promissory note and deed in vault inventory"
LN-1644,COMPLETE,VAULT-C-45,"Original promissory note and deed in vault inventory"
LN-1645,COMPLETE,VAULT-D-46,"Original promissory note and deed in vault inventory"
LN-1646,COMPLETE,VAULT-E-47,"Original promissory note and deed in vault inventory"
LN-1647,COMPLETE,VAULT-F-48,"Original promissory note and deed in vault inventory"
LN-1648,COMPLETE,VAULT-A-49,"Original promissory note and deed in vault inventory"
LN-1649,COMPLETE,VAULT-B-50,"Original promissory note and deed in vault inventory"
LN-1650,COMPLETE,VAULT-C-1,"Original promissory note and deed in vault inventory"
LN-1651,COMPLETE,VAULT-D-2,"Original promissory note and deed in vault inventory"
LN-1652,COMPLETE,VAULT-E-3,"Original promissory note and deed in vault inventory"
LN-1653,COMPLETE,VAULT-F-4,"Original promissory note and deed in vault inventory"
LN-1654,COMPLETE,VAULT-A-5,"Original promissory note and deed in vault inventory"
LN-1655,COMPLETE,VAULT-B-6,"Original promissory note and deed in vault inventory"
LN-1656,COMPLETE,VAULT-C-7,"Original promissory note and deed in vault inventory"
LN-1657,COMPLETE,VAULT-D-8,"Original promissory note and deed in vault inventory"
LN-1658,COMPLETE,VAULT-E-9,"Original promissory note and deed in vault inventory"
LN-1659,COMPLETE,VAULT-F-10,"Original promissory note and deed in vault inventory"
LN-1660,COMPLETE,VAULT-A-11,"Original promissory note and deed in vault inventory"
LN-1661,COMPLETE,VAULT-B-12,"Original promissory note and deed in vault inventory"
LN-1662,COMPLETE,VAULT-C-13,"Original promissory note and deed in vault inventory"
LN-1663,COMPLETE,VAULT-D-14,"Original promissory note and deed in vault inventory"
LN-1664,COMPLETE,VAULT-E-15,"Original promissory note and deed in vault inventory"
LN-1665,COMPLETE,VAULT-F-16,"Original promissory note and deed in vault inventory"
LN-1666,COMPLETE,VAULT-A-17,"Original promissory note and deed in vault inventory"
LN-1667,COMPLETE,VAULT-B-18,"Original promissory note and deed in vault inventory"
LN-1668,COMPLETE,VAULT-C-19,"Original promissory note and deed in vault inventory"
LN-1669,COMPLETE,VAULT-D-20,"Original promissory note and deed in vault inventory"
LN-1670,COMPLETE,VAULT-E-21,"Original promissory note and deed in vault inventory"
LN-1671,COMPLETE,VAULT-F-22,"Original promissory note and deed in vault inventory"
LN-1672,COMPLETE,VAULT-A-23,"Original promissory note and deed in vault inventory"
LN-1673,COMPLETE,VAULT-B-24,"Original promissory note and deed in vault inventory"
LN-1674,COMPLETE,VAULT-C-25,"Original promissory note and deed in vault inventory"
LN-1675,COMPLETE,VAULT-D-26,"Original promissory note and deed in vault inventory"
LN-1676,COMPLETE,VAULT-E-27,"Original promissory note and deed in vault inventory"
LN-1677,COMPLETE,VAULT-F-28,"Original promissory note and deed in vault inventory"
LN-1678,COMPLETE,VAULT-A-29,"Original promissory note and deed in vault inventory"
LN-1679,COMPLETE,VAULT-B-30,"Original promissory note and deed in vault inventory"
LN-1680,COMPLETE,VAULT-C-31,"Original promissory note and deed in vault inventory"
LN-1681,COMPLETE,VAULT-D-32,"Original promissory note and deed in vault inventory"
LN-1682,COMPLETE,VAULT-E-33,"Original promissory note and deed in vault inventory"
LN-1683,COMPLETE,VAULT-F-34,"Original promissory note and deed in vault inventory"
LN-1684,COMPLETE,VAULT-A-35,"Original promissory note and deed in vault inventory"
LN-1685,COMPLETE,VAULT-B-36,"Original promissory note and deed in vault inventory"
LN-1686,COMPLETE,VAULT-C-37,"Original promissory note and deed in vault inventory"
LN-1687,COMPLETE,VAULT-D-38,"Original promissory note and deed in vault inventory"
LN-1688,COMPLETE,VAULT-E-39,"Original promissory note and deed in vault inventory"
LN-1689,COMPLETE,VAULT-F-40,"Original promissory note and deed in vault inventory"
LN-1690,COMPLETE,VAULT-A-41,"Original promissory note and deed in vault inventory"
LN-1691,COMPLETE,VAULT-B-42,"Original promissory note and deed in vault inventory"
LN-1692,COMPLETE,VAULT-C-43,"Original promissory note and deed in vault inventory"
LN-1693,COMPLETE,VAULT-D-44,"Original promissory note and deed in vault inventory"
LN-1694,COMPLETE,VAULT-E-45,"Original promissory note and deed in vault inventory"
LN-1695,COMPLETE,VAULT-F-46,"Original promissory note and deed in vault inventory"
LN-1696,COMPLETE,VAULT-A-47,"Original promissory note and deed in vault inventory"
LN-1697,COMPLETE,VAULT-B-48,"Original promissory note and deed in vault inventory"
LN-1698,COMPLETE,VAULT-C-49,"Original promissory note and deed in vault inventory"
LN-1699,COMPLETE,VAULT-D-50,"Original promissory note and deed in vault inventory"
LN-1700,COMPLETE,VAULT-E-1,"Original promissory note and deed in vault inventory"
LN-1701,COMPLETE,VAULT-F-2,"Original promissory note and deed in vault inventory"
LN-1702,COMPLETE,VAULT-A-3,"Original promissory note and deed in vault inventory"
LN-1703,COMPLETE,VAULT-B-4,"Original promissory note and deed in vault inventory"
LN-1704,COMPLETE,VAULT-C-5,"Original promissory note and deed in vault inventory"
LN-1705,COMPLETE,VAULT-D-6,"Original promissory note and deed in vault inventory"
LN-1706,COMPLETE,VAULT-E-7,"Original promissory note and deed in vault inventory"
LN-1707,COMPLETE,VAULT-F-8,"Original promissory note and deed in vault inventory"
LN-1708,COMPLETE,VAULT-A-9,"Original promissory note and deed in vault inventory"
LN-1709,COMPLETE,VAULT-B-10,"Original promissory note and deed in vault inventory"
LN-1710,COMPLETE,VAULT-C-11,"Original promissory note and deed in vault inventory"
LN-1711,COMPLETE,VAULT-D-12,"Original promissory note and deed in vault inventory"
LN-1712,COMPLETE,VAULT-E-13,"Original promissory note and deed in vault inventory"
LN-1713,COMPLETE,VAULT-F-14,"Original promissory note and deed in vault inventory"
LN-1714,COMPLETE,VAULT-A-15,"Original promissory note and deed in vault inventory"
LN-1715,COMPLETE,VAULT-B-16,"Original promissory note and deed in vault inventory"
LN-1716,COMPLETE,VAULT-C-17,"Original promissory note and deed in vault inventory"
LN-1717,COMPLETE,VAULT-D-18,"Original promissory note and deed in vault inventory"
LN-1718,COMPLETE,VAULT-E-19,"Original promissory note and deed in vault inventory"
LN-1719,COMPLETE,VAULT-F-20,"Original promissory note and deed in vault inventory"
LN-1720,MISSING_NOTE,VAULT-A-21,"Promissory note missing endorsement allonge"
LN-1721,COMPLETE,VAULT-B-22,"Original promissory note and deed in vault inventory"
LN-1722,COMPLETE,VAULT-C-23,"Original promissory note and deed in vault inventory"
LN-1723,COMPLETE,VAULT-D-24,"Original promissory note and deed in vault inventory"
LN-1724,COMPLETE,VAULT-E-25,"Original promissory note and deed in vault inventory"
LN-1725,COMPLETE,VAULT-F-26,"Original promissory note and deed in vault inventory"
LN-1726,COMPLETE,VAULT-A-27,"Original promissory note and deed in vault inventory"
LN-1727,COMPLETE,VAULT-B-28,"Original promissory note and deed in vault inventory"
LN-1728,COMPLETE,VAULT-C-29,"Original promissory note and deed in vault inventory"
LN-1729,COMPLETE,VAULT-D-30,"Original promissory note and deed in vault inventory"
LN-1730,COMPLETE,VAULT-E-31,"Original promissory note and deed in vault inventory"
LN-1731,COMPLETE,VAULT-F-32,"Original promissory note and deed in vault inventory"
LN-1732,COMPLETE,VAULT-A-33,"Original promissory note and deed in vault inventory"
LN-1733,COMPLETE,VAULT-B-34,"Original promissory note and deed in vault inventory"
LN-1734,COMPLETE,VAULT-C-35,"Original promissory note and deed in vault inventory"
LN-1735,COMPLETE,VAULT-D-36,"Original promissory note and deed in vault inventory"
LN-1736,COMPLETE,VAULT-E-37,"Original promissory note and deed in vault inventory"
LN-1737,COMPLETE,VAULT-F-38,"Original promissory note and deed in vault inventory"
LN-1738,COMPLETE,VAULT-A-39,"Original promissory note and deed in vault inventory"
LN-1739,COMPLETE,VAULT-B-40,"Original promissory note and deed in vault inventory"
LN-1740,COMPLETE,VAULT-C-41,"Original promissory note and deed in vault inventory"
LN-1741,COMPLETE,VAULT-D-42,"Original promissory note and deed in vault inventory"
LN-1742,COMPLETE,VAULT-E-43,"Original promissory note and deed in vault inventory"
LN-1743,COMPLETE,VAULT-F-44,"Original promissory note and deed in vault inventory"
LN-1744,COMPLETE,VAULT-A-45,"Original promissory note and deed in vault inventory"
LN-1745,COMPLETE,VAULT-B-46,"Original promissory note and deed in vault inventory"
LN-1746,COMPLETE,VAULT-C-47,"Original promissory note and deed in vault inventory"
LN-1747,COMPLETE,VAULT-D-48,"Original promissory note and deed in vault inventory"
LN-1748,COMPLETE,VAULT-E-49,"Original promissory note and deed in vault inventory"
LN-1749,COMPLETE,VAULT-F-50,"Original promissory note and deed in vault inventory"
LN-1750,COMPLETE,VAULT-A-1,"Original promissory note and deed in vault inventory"
LN-1751,COMPLETE,VAULT-B-2,"Original promissory note and deed in vault inventory"
LN-1752,COMPLETE,VAULT-C-3,"Original promissory note and deed in vault inventory"
LN-1753,COMPLETE,VAULT-D-4,"Original promissory note and deed in vault inventory"
LN-1754,COMPLETE,VAULT-E-5,"Original promissory note and deed in vault inventory"
LN-1755,COMPLETE,VAULT-F-6,"Original promissory note and deed in vault inventory"
LN-1756,COMPLETE,VAULT-A-7,"Original promissory note and deed in vault inventory"
LN-1757,COMPLETE,VAULT-B-8,"Original promissory note and deed in vault inventory"
LN-1758,COMPLETE,VAULT-C-9,"Original promissory note and deed in vault inventory"
LN-1759,COMPLETE,VAULT-D-10,"Original promissory note and deed in vault inventory"
LN-1760,COMPLETE,VAULT-E-11,"Original promissory note and deed in vault inventory"
LN-1761,COMPLETE,VAULT-F-12,"Original promissory note and deed in vault inventory"
LN-1762,COMPLETE,VAULT-A-13,"Original promissory note and deed in vault inventory"
LN-1763,COMPLETE,VAULT-B-14,"Original promissory note and deed in vault inventory"
LN-1764,COMPLETE,VAULT-C-15,"Original promissory note and deed in vault inventory"
LN-1765,COMPLETE,VAULT-D-16,"Original promissory note and deed in vault inventory"
LN-1766,COMPLETE,VAULT-E-17,"Original promissory note and deed in vault inventory"
LN-1767,COMPLETE,VAULT-F-18,"Original promissory note and deed in vault inventory"
LN-1768,COMPLETE,VAULT-A-19,"Original promissory note and deed in vault inventory"
LN-1769,COMPLETE,VAULT-B-20,"Original promissory note and deed in vault inventory"
LN-1770,COMPLETE,VAULT-C-21,"Original promissory note and deed in vault inventory"
LN-1771,COMPLETE,VAULT-D-22,"Original promissory note and deed in vault inventory"
LN-1772,COMPLETE,VAULT-E-23,"Original promissory note and deed in vault inventory"
LN-1773,COMPLETE,VAULT-F-24,"Original promissory note and deed in vault inventory"
LN-1774,COMPLETE,VAULT-A-25,"Original promissory note and deed in vault inventory"
LN-1775,COMPLETE,VAULT-B-26,"Original promissory note and deed in vault inventory"
LN-1776,COMPLETE,VAULT-C-27,"Original promissory note and deed in vault inventory"
LN-1777,COMPLETE,VAULT-D-28,"Original promissory note and deed in vault inventory"
LN-1778,COMPLETE,VAULT-E-29,"Original promissory note and deed in vault inventory"
LN-1779,COMPLETE,VAULT-F-30,"Original promissory note and deed in vault inventory"
LN-1780,COMPLETE,VAULT-A-31,"Original promissory note and deed in vault inventory"
LN-1781,COMPLETE,VAULT-B-32,"Original promissory note and deed in vault inventory"
LN-1782,COMPLETE,VAULT-C-33,"Original promissory note and deed in vault inventory"
LN-1783,COMPLETE,VAULT-D-34,"Original promissory note and deed in vault inventory"
LN-1784,COMPLETE,VAULT-E-35,"Original promissory note and deed in vault inventory"
LN-1785,COMPLETE,VAULT-F-36,"Original promissory note and deed in vault inventory"
LN-1786,COMPLETE,VAULT-A-37,"Original promissory note and deed in vault inventory"
LN-1787,COMPLETE,VAULT-B-38,"Original promissory note and deed in vault inventory"
LN-1788,COMPLETE,VAULT-C-39,"Original promissory note and deed in vault inventory"
LN-1789,COMPLETE,VAULT-D-40,"Original promissory note and deed in vault inventory"
LN-1790,COMPLETE,VAULT-E-41,"Original promissory note and deed in vault inventory"
LN-1791,COMPLETE,VAULT-F-42,"Original promissory note and deed in vault inventory"
LN-1792,COMPLETE,VAULT-A-43,"Original promissory note and deed in vault inventory"
LN-1793,COMPLETE,VAULT-B-44,"Original promissory note and deed in vault inventory"
LN-1794,COMPLETE,VAULT-C-45,"Original promissory note and deed in vault inventory"
LN-1795,COMPLETE,VAULT-D-46,"Original promissory note and deed in vault inventory"
LN-1796,COMPLETE,VAULT-E-47,"Original promissory note and deed in vault inventory"
LN-1797,COMPLETE,VAULT-F-48,"Original promissory note and deed in vault inventory"
LN-1798,COMPLETE,VAULT-A-49,"Original promissory note and deed in vault inventory"
LN-1799,COMPLETE,VAULT-B-50,"Original promissory note and deed in vault inventory"
LN-1800,COMPLETE,VAULT-C-1,"Original promissory note and deed in vault inventory"
LN-1801,COMPLETE,VAULT-D-2,"Original promissory note and deed in vault inventory"
LN-1802,COMPLETE,VAULT-E-3,"Original promissory note and deed in vault inventory"
LN-1803,COMPLETE,VAULT-F-4,"Original promissory note and deed in vault inventory"
LN-1804,COMPLETE,VAULT-A-5,"Original promissory note and deed in vault inventory"
LN-1805,COMPLETE,VAULT-B-6,"Original promissory note and deed in vault inventory"
LN-1806,COMPLETE,VAULT-C-7,"Original promissory note and deed in vault inventory"
LN-1807,COMPLETE,VAULT-D-8,"Original promissory note and deed in vault inventory"
LN-1808,COMPLETE,VAULT-E-9,"Original promissory note and deed in vault inventory"
LN-1809,COMPLETE,VAULT-F-10,"Original promissory note and deed in vault inventory"
LN-1810,COMPLETE,VAULT-A-11,"Original promissory note and deed in vault inventory"
LN-1811,COMPLETE,VAULT-B-12,"Original promissory note and deed in vault inventory"
LN-1812,COMPLETE,VAULT-C-13,"Original promissory note and deed in vault inventory"
LN-1813,COMPLETE,VAULT-D-14,"Original promissory note and deed in vault inventory"
LN-1814,COMPLETE,VAULT-E-15,"Original promissory note and deed in vault inventory"
LN-1815,COMPLETE,VAULT-F-16,"Original promissory note and deed in vault inventory"
LN-1816,COMPLETE,VAULT-A-17,"Original promissory note and deed in vault inventory"
LN-1817,COMPLETE,VAULT-B-18,"Original promissory note and deed in vault inventory"
LN-1818,COMPLETE,VAULT-C-19,"Original promissory note and deed in vault inventory"
LN-1819,COMPLETE,VAULT-D-20,"Original promissory note and deed in vault inventory"
LN-1820,COMPLETE,VAULT-E-21,"Original promissory note and deed in vault inventory"
LN-1821,COMPLETE,VAULT-F-22,"Original promissory note and deed in vault inventory"
LN-1822,COMPLETE,VAULT-A-23,"Original promissory note and deed in vault inventory"
LN-1823,COMPLETE,VAULT-B-24,"Original promissory note and deed in vault inventory"
LN-1824,COMPLETE,VAULT-C-25,"Original promissory note and deed in vault inventory"
LN-1825,COMPLETE,VAULT-D-26,"Original promissory note and deed in vault inventory"
LN-1826,COMPLETE,VAULT-E-27,"Original promissory note and deed in vault inventory"
LN-1827,COMPLETE,VAULT-F-28,"Original promissory note and deed in vault inventory"
LN-1828,COMPLETE,VAULT-A-29,"Original promissory note and deed in vault inventory"
LN-1829,COMPLETE,VAULT-B-30,"Original promissory note and deed in vault inventory"
LN-1830,COMPLETE,VAULT-C-31,"Original promissory note and deed in vault inventory"
LN-1831,COMPLETE,VAULT-D-32,"Original promissory note and deed in vault inventory"
LN-1832,COMPLETE,VAULT-E-33,"Original promissory note and deed in vault inventory"
LN-1833,COMPLETE,VAULT-F-34,"Original promissory note and deed in vault inventory"
LN-1834,COMPLETE,VAULT-A-35,"Original promissory note and deed in vault inventory"
LN-1835,COMPLETE,VAULT-B-36,"Original promissory note and deed in vault inventory"
LN-1836,COMPLETE,VAULT-C-37,"Original promissory note and deed in vault inventory"
LN-1837,COMPLETE,VAULT-D-38,"Original promissory note and deed in vault inventory"
LN-1838,COMPLETE,VAULT-E-39,"Original promissory note and deed in vault inventory"
LN-1839,COMPLETE,VAULT-F-40,"Original promissory note and deed in vault inventory"
LN-1840,MISSING_NOTE,VAULT-A-41,"Promissory note missing endorsement allonge"
LN-1841,COMPLETE,VAULT-B-42,"Original promissory note and deed in vault inventory"
LN-1842,COMPLETE,VAULT-C-43,"Original promissory note and deed in vault inventory"
LN-1843,COMPLETE,VAULT-D-44,"Original promissory note and deed in vault inventory"
LN-1844,COMPLETE,VAULT-E-45,"Original promissory note and deed in vault inventory"
LN-1845,COMPLETE,VAULT-F-46,"Original promissory note and deed in vault inventory"
LN-1846,COMPLETE,VAULT-A-47,"Original promissory note and deed in vault inventory"
LN-1847,COMPLETE,VAULT-B-48,"Original promissory note and deed in vault inventory"
LN-1848,COMPLETE,VAULT-C-49,"Original promissory note and deed in vault inventory"
LN-1849,COMPLETE,VAULT-D-50,"Original promissory note and deed in vault inventory"
LN-1850,COMPLETE,VAULT-E-1,"Original promissory note and deed in vault inventory"
LN-1851,COMPLETE,VAULT-F-2,"Original promissory note and deed in vault inventory"
LN-1852,COMPLETE,VAULT-A-3,"Original promissory note and deed in vault inventory"
LN-1853,COMPLETE,VAULT-B-4,"Original promissory note and deed in vault inventory"
LN-1854,COMPLETE,VAULT-C-5,"Original promissory note and deed in vault inventory"
LN-1855,COMPLETE,VAULT-D-6,"Original promissory note and deed in vault inventory"
LN-1856,COMPLETE,VAULT-E-7,"Original promissory note and deed in vault inventory"
LN-1857,COMPLETE,VAULT-F-8,"Original promissory note and deed in vault inventory"
LN-1858,COMPLETE,VAULT-A-9,"Original promissory note and deed in vault inventory"
LN-1859,COMPLETE,VAULT-B-10,"Original promissory note and deed in vault inventory"
LN-1860,COMPLETE,VAULT-C-11,"Original promissory note and deed in vault inventory"
LN-1861,COMPLETE,VAULT-D-12,"Original promissory note and deed in vault inventory"
LN-1862,COMPLETE,VAULT-E-13,"Original promissory note and deed in vault inventory"
LN-1863,COMPLETE,VAULT-F-14,"Original promissory note and deed in vault inventory"
LN-1864,COMPLETE,VAULT-A-15,"Original promissory note and deed in vault inventory"
LN-1865,COMPLETE,VAULT-B-16,"Original promissory note and deed in vault inventory"
LN-1866,COMPLETE,VAULT-C-17,"Original promissory note and deed in vault inventory"
LN-1867,COMPLETE,VAULT-D-18,"Original promissory note and deed in vault inventory"
LN-1868,COMPLETE,VAULT-E-19,"Original promissory note and deed in vault inventory"
LN-1869,COMPLETE,VAULT-F-20,"Original promissory note and deed in vault inventory"
LN-1870,COMPLETE,VAULT-A-21,"Original promissory note and deed in vault inventory"
LN-1871,COMPLETE,VAULT-B-22,"Original promissory note and deed in vault inventory"
LN-1872,COMPLETE,VAULT-C-23,"Original promissory note and deed in vault inventory"
LN-1873,COMPLETE,VAULT-D-24,"Original promissory note and deed in vault inventory"
LN-1874,COMPLETE,VAULT-E-25,"Original promissory note and deed in vault inventory"
LN-1875,COMPLETE,VAULT-F-26,"Original promissory note and deed in vault inventory"
LN-1876,COMPLETE,VAULT-A-27,"Original promissory note and deed in vault inventory"
LN-1877,COMPLETE,VAULT-B-28,"Original promissory note and deed in vault inventory"
LN-1878,COMPLETE,VAULT-C-29,"Original promissory note and deed in vault inventory"
LN-1879,COMPLETE,VAULT-D-30,"Original promissory note and deed in vault inventory"
LN-1880,COMPLETE,VAULT-E-31,"Original promissory note and deed in vault inventory"
LN-1881,COMPLETE,VAULT-F-32,"Original promissory note and deed in vault inventory"
LN-1882,COMPLETE,VAULT-A-33,"Original promissory note and deed in vault inventory"
LN-1883,COMPLETE,VAULT-B-34,"Original promissory note and deed in vault inventory"
LN-1884,COMPLETE,VAULT-C-35,"Original promissory note and deed in vault inventory"
LN-1885,COMPLETE,VAULT-D-36,"Original promissory note and deed in vault inventory"
LN-1886,COMPLETE,VAULT-E-37,"Original promissory note and deed in vault inventory"
LN-1887,COMPLETE,VAULT-F-38,"Original promissory note and deed in vault inventory"
LN-1888,COMPLETE,VAULT-A-39,"Original promissory note and deed in vault inventory"
LN-1889,COMPLETE,VAULT-B-40,"Original promissory note and deed in vault inventory"
LN-1890,COMPLETE,VAULT-C-41,"Original promissory note and deed in vault inventory"
LN-1891,COMPLETE,VAULT-D-42,"Original promissory note and deed in vault inventory"
LN-1892,COMPLETE,VAULT-E-43,"Original promissory note and deed in vault inventory"
LN-1893,COMPLETE,VAULT-F-44,"Original promissory note and deed in vault inventory"
LN-1894,COMPLETE,VAULT-A-45,"Original promissory note and deed in vault inventory"
LN-1895,COMPLETE,VAULT-B-46,"Original promissory note and deed in vault inventory"
LN-1896,COMPLETE,VAULT-C-47,"Original promissory note and deed in vault inventory"
LN-1897,COMPLETE,VAULT-D-48,"Original promissory note and deed in vault inventory"
LN-1898,COMPLETE,VAULT-E-49,"Original promissory note and deed in vault inventory"
LN-1899,COMPLETE,VAULT-F-50,"Original promissory note and deed in vault inventory"
LN-1900,COMPLETE,VAULT-A-1,"Original promissory note and deed in vault inventory"
LN-1901,COMPLETE,VAULT-B-2,"Original promissory note and deed in vault inventory"
LN-1902,COMPLETE,VAULT-C-3,"Original promissory note and deed in vault inventory"
LN-1903,COMPLETE,VAULT-D-4,"Original promissory note and deed in vault inventory"
LN-1904,COMPLETE,VAULT-E-5,"Original promissory note and deed in vault inventory"
LN-1905,COMPLETE,VAULT-F-6,"Original promissory note and deed in vault inventory"
LN-1906,COMPLETE,VAULT-A-7,"Original promissory note and deed in vault inventory"
LN-1907,COMPLETE,VAULT-B-8,"Original promissory note and deed in vault inventory"
LN-1908,COMPLETE,VAULT-C-9,"Original promissory note and deed in vault inventory"
LN-1909,COMPLETE,VAULT-D-10,"Original promissory note and deed in vault inventory"
LN-1910,COMPLETE,VAULT-E-11,"Original promissory note and deed in vault inventory"
LN-1911,COMPLETE,VAULT-F-12,"Original promissory note and deed in vault inventory"
LN-1912,COMPLETE,VAULT-A-13,"Original promissory note and deed in vault inventory"
LN-1913,COMPLETE,VAULT-B-14,"Original promissory note and deed in vault inventory"
LN-1914,COMPLETE,VAULT-C-15,"Original promissory note and deed in vault inventory"
LN-1915,COMPLETE,VAULT-D-16,"Original promissory note and deed in vault inventory"
LN-1916,COMPLETE,VAULT-E-17,"Original promissory note and deed in vault inventory"
LN-1917,COMPLETE,VAULT-F-18,"Original promissory note and deed in vault inventory"
LN-1918,COMPLETE,VAULT-A-19,"Original promissory note and deed in vault inventory"
LN-1919,COMPLETE,VAULT-B-20,"Original promissory note and deed in vault inventory"
LN-1920,COMPLETE,VAULT-C-21,"Original promissory note and deed in vault inventory"
LN-1921,COMPLETE,VAULT-D-22,"Original promissory note and deed in vault inventory"
LN-1922,COMPLETE,VAULT-E-23,"Original promissory note and deed in vault inventory"
LN-1923,COMPLETE,VAULT-F-24,"Original promissory note and deed in vault inventory"
LN-1924,COMPLETE,VAULT-A-25,"Original promissory note and deed in vault inventory"
LN-1925,COMPLETE,VAULT-B-26,"Original promissory note and deed in vault inventory"
LN-1926,COMPLETE,VAULT-C-27,"Original promissory note and deed in vault inventory"
LN-1927,COMPLETE,VAULT-D-28,"Original promissory note and deed in vault inventory"
LN-1928,COMPLETE,VAULT-E-29,"Original promissory note and deed in vault inventory"
LN-1929,COMPLETE,VAULT-F-30,"Original promissory note and deed in vault inventory"
LN-1930,COMPLETE,VAULT-A-31,"Original promissory note and deed in vault inventory"
LN-1931,COMPLETE,VAULT-B-32,"Original promissory note and deed in vault inventory"
LN-1932,COMPLETE,VAULT-C-33,"Original promissory note and deed in vault inventory"
LN-1933,COMPLETE,VAULT-D-34,"Original promissory note and deed in vault inventory"
LN-1934,COMPLETE,VAULT-E-35,"Original promissory note and deed in vault inventory"
LN-1935,COMPLETE,VAULT-F-36,"Original promissory note and deed in vault inventory"
LN-1936,COMPLETE,VAULT-A-37,"Original promissory note and deed in vault inventory"
LN-1937,COMPLETE,VAULT-B-38,"Original promissory note and deed in vault inventory"
LN-1938,COMPLETE,VAULT-C-39,"Original promissory note and deed in vault inventory"
LN-1939,COMPLETE,VAULT-D-40,"Original promissory note and deed in vault inventory"
LN-1940,COMPLETE,VAULT-E-41,"Original promissory note and deed in vault inventory"
LN-1941,COMPLETE,VAULT-F-42,"Original promissory note and deed in vault inventory"
LN-1942,COMPLETE,VAULT-A-43,"Original promissory note and deed in vault inventory"
LN-1943,COMPLETE,VAULT-B-44,"Original promissory note and deed in vault inventory"
LN-1944,COMPLETE,VAULT-C-45,"Original promissory note and deed in vault inventory"
LN-1945,COMPLETE,VAULT-D-46,"Original promissory note and deed in vault inventory"
LN-1946,COMPLETE,VAULT-E-47,"Original promissory note and deed in vault inventory"
LN-1947,COMPLETE,VAULT-F-48,"Original promissory note and deed in vault inventory"
LN-1948,COMPLETE,VAULT-A-49,"Original promissory note and deed in vault inventory"
LN-1949,COMPLETE,VAULT-B-50,"Original promissory note and deed in vault inventory"
LN-1950,COMPLETE,VAULT-C-1,"Original promissory note and deed in vault inventory"
LN-1951,COMPLETE,VAULT-D-2,"Original promissory note and deed in vault inventory"
LN-1952,COMPLETE,VAULT-E-3,"Original promissory note and deed in vault inventory"
LN-1953,COMPLETE,VAULT-F-4,"Original promissory note and deed in vault inventory"
LN-1954,COMPLETE,VAULT-A-5,"Original promissory note and deed in vault inventory"
LN-1955,COMPLETE,VAULT-B-6,"Original promissory note and deed in vault inventory"
LN-1956,COMPLETE,VAULT-C-7,"Original promissory note and deed in vault inventory"
LN-1957,COMPLETE,VAULT-D-8,"Original promissory note and deed in vault inventory"
LN-1958,COMPLETE,VAULT-E-9,"Original promissory note and deed in vault inventory"
LN-1959,COMPLETE,VAULT-F-10,"Original promissory note and deed in vault inventory"
LN-1960,MISSING_NOTE,VAULT-A-11,"Promissory note missing endorsement allonge"
LN-1961,COMPLETE,VAULT-B-12,"Original promissory note and deed in vault inventory"
LN-1962,COMPLETE,VAULT-C-13,"Original promissory note and deed in vault inventory"
LN-1963,COMPLETE,VAULT-D-14,"Original promissory note and deed in vault inventory"
LN-1964,COMPLETE,VAULT-E-15,"Original promissory note and deed in vault inventory"
LN-1965,COMPLETE,VAULT-F-16,"Original promissory note and deed in vault inventory"
LN-1966,COMPLETE,VAULT-A-17,"Original promissory note and deed in vault inventory"
LN-1967,COMPLETE,VAULT-B-18,"Original promissory note and deed in vault inventory"
LN-1968,COMPLETE,VAULT-C-19,"Original promissory note and deed in vault inventory"
LN-1969,COMPLETE,VAULT-D-20,"Original promissory note and deed in vault inventory"
LN-1970,COMPLETE,VAULT-E-21,"Original promissory note and deed in vault inventory"
LN-1971,COMPLETE,VAULT-F-22,"Original promissory note and deed in vault inventory"
LN-1972,COMPLETE,VAULT-A-23,"Original promissory note and deed in vault inventory"
LN-1973,COMPLETE,VAULT-B-24,"Original promissory note and deed in vault inventory"
LN-1974,COMPLETE,VAULT-C-25,"Original promissory note and deed in vault inventory"
LN-1975,COMPLETE,VAULT-D-26,"Original promissory note and deed in vault inventory"
LN-1976,COMPLETE,VAULT-E-27,"Original promissory note and deed in vault inventory"
LN-1977,COMPLETE,VAULT-F-28,"Original promissory note and deed in vault inventory"
LN-1978,COMPLETE,VAULT-A-29,"Original promissory note and deed in vault inventory"
LN-1979,COMPLETE,VAULT-B-30,"Original promissory note and deed in vault inventory"
LN-1980,COMPLETE,VAULT-C-31,"Original promissory note and deed in vault inventory"
LN-1981,COMPLETE,VAULT-D-32,"Original promissory note and deed in vault inventory"
LN-1982,COMPLETE,VAULT-E-33,"Original promissory note and deed in vault inventory"
LN-1983,COMPLETE,VAULT-F-34,"Original promissory note and deed in vault inventory"
LN-1984,COMPLETE,VAULT-A-35,"Original promissory note and deed in vault inventory"
LN-1985,COMPLETE,VAULT-B-36,"Original promissory note and deed in vault inventory"
LN-1986,COMPLETE,VAULT-C-37,"Original promissory note and deed in vault inventory"
LN-1987,COMPLETE,VAULT-D-38,"Original promissory note and deed in vault inventory"
LN-1988,COMPLETE,VAULT-E-39,"Original promissory note and deed in vault inventory"
LN-1989,COMPLETE,VAULT-F-40,"Original promissory note and deed in vault inventory"
LN-1990,COMPLETE,VAULT-A-41,"Original promissory note and deed in vault inventory"
LN-1991,COMPLETE,VAULT-B-42,"Original promissory note and deed in vault inventory"
LN-1992,COMPLETE,VAULT-C-43,"Original promissory note and deed in vault inventory"
LN-1993,COMPLETE,VAULT-D-44,"Original promissory note and deed in vault inventory"
LN-1994,COMPLETE,VAULT-E-45,"Original promissory note and deed in vault inventory"
LN-1995,COMPLETE,VAULT-F-46,"Original promissory note and deed in vault inventory"
LN-1996,COMPLETE,VAULT-A-47,"Original promissory note and deed in vault inventory"
LN-1997,COMPLETE,VAULT-B-48,"Original promissory note and deed in vault inventory"
LN-1998,COMPLETE,VAULT-C-49,"Original promissory note and deed in vault inventory"
LN-1999,COMPLETE,VAULT-D-50,"Original promissory note and deed in vault inventory"
LN-2000,COMPLETE,VAULT-E-1,"Original promissory note and deed in vault inventory"